id;name;description;account_id;tenant_id;access_key;secret_key;region;bucket;end_point;email;password;cloud_type;source_json_ref;source_json;source_json_content_type;status;hashi_corp_vault_id;created_on;updated_on;updated_by;created_by
1;Forward cutting-edge Games;virtual 24/365 Alabama;SQL Handcrafted parsing;invoice Cambridgeshire;Principal;Dynamic Swedish Krona;Gloves Architect;visionary;full-range bypassing;Ewell.Schmitt@yahoo.com;Specialist;responsive connecting bus;monitoring;../fake-data/blob/hipster.png;image/png;productize;Bolivar Fuerte Refined;2021-06-20T05:38:13;2021-06-20T08:15:01;Auto Loan Account;niches
2;Bermudian Dollar (customarily known as Bermuda Dollar) Beauty;Money Market Account Legacy Fresh;Expanded Berkshire;Cliff lime cross-platform;expedite;Refined Steel Mouse;Zambia Plastic haptic;Integrated Handcrafted Granite Towels;capacity silver;Tierra.Gerlach@gmail.com;Personal Loan Account;benchmark;Automotive Beauty;../fake-data/blob/hipster.png;image/png;relationships;Clothing Money Market Account background;2021-06-20T10:58:44;2021-06-19T18:39:11;markets Vision-oriented;calculating Shoes
3;web services Accountability;application matrix;Sleek Plastic Towels;bluetooth Wooden;e-tailers;payment;payment;algorithm;Designer synergistic indexing;Alvis_Okuneva@hotmail.com;Small;Polarised;Program;../fake-data/blob/hipster.png;image/png;Oregon;Officer Vanuatu Utah;2021-06-20T07:11:44;2021-06-20T10:18:33;Tactics;Generic index
4;expedite stable;Mobility leading-edge user-centric;payment extensible Cuban Peso Peso Convertible;Industrial Kazakhstan;Assistant;auxiliary;Small;cross-media Open-architected;Chips compress Games;Issac.Mante@hotmail.com;haptic Gold;Cross-group open architecture;Buckinghamshire Zimbabwe Dollar;../fake-data/blob/hipster.png;image/png;seize;Grass-roots;2021-06-20T14:09:26;2021-06-19T23:58:06;Awesome Metal Chair Rand Namibia Dollar Handcrafted Concrete Hat;Louisiana Dobra Chips
5;next generation;American Samoa paradigms;repurpose;sensor Agent;grey Cedi harness;Rhode Island;holistic Awesome Wooden Chicken Switzerland;reboot;generating strategy;Georgianna.Bernier97@hotmail.com;Gloves application;Turkish Lira e-tailers;District Island SDD;../fake-data/blob/hipster.png;image/png;Sleek Steel Pizza Orchestrator;Somoni;2021-06-20T01:48:54;2021-06-20T00:13:11;calculate Handmade Frozen Fish;XML RSS Money Market Account
6;Handcrafted;PNG heuristic;Awesome Frozen Computer bypassing;bypass bandwidth cross-platform;Handcrafted Steel Mouse Avon;Utah AI Handcrafted;Officer Assurance;override navigating web services;Persistent;Lorena_Hettinger47@gmail.com;Handmade deposit innovate;Cheese SSL Progressive;static withdrawal invoice;../fake-data/blob/hipster.png;image/png;Guinea Handcrafted Rubber Bike generate;Group;2021-06-20T15:01:50;2021-06-20T01:15:32;Concrete reboot;Security
7;Configuration;bandwidth;Handmade Concrete Bacon;Vermont time-frame Solutions;Rustic Division;override;Factors European Monetary Unit (E.M.U.-6);SAS;Netherlands Antillian Guilder programming cross-platform;Moshe_Aufderhar@gmail.com;invoice;Avon Borders;action-items Expanded parsing;../fake-data/blob/hipster.png;image/png;Personal Loan Account even-keeled;ADP Small Steel Hat;2021-06-19T22:49:00;2021-06-20T02:15:55;Croatian Kuna Mountains;Bedfordshire Bedfordshire Division
8;core;Sports;disintermediate;leverage Supervisor;Bahrain synergize;policy;deposit salmon;override Refined;synthesizing Generic Steel Shoes scalable;Gisselle_Muller20@hotmail.com;Inlet;Sri Lanka;impactful;../fake-data/blob/hipster.png;image/png;deposit overriding;Frozen;2021-06-19T22:01:49;2021-06-20T17:02:07;Optimization Cheese Refined Cotton Tuna;Fresh Uzbekistan
9;mobile;Ghana Iowa Future;overriding;discrete tan;synthesize copying withdrawal;back up;Tactics;Intelligent Metal Cheese input Soft;copying;Shana.West34@yahoo.com;next generation Toys Interactions;Licensed Plastic Cheese Credit Card Account navigate;Station;../fake-data/blob/hipster.png;image/png;Ergonomic Cotton Car enhance digital;protocol Intuitive;2021-06-20T06:05:25;2021-06-20T02:10:10;bypassing;enable deposit Incredible Granite Soap
10;Robust;program;Implementation;out-of-the-box Borders Developer;Mobility USB client-driven;Missouri infrastructure Illinois;transmit Secured;Granite AI;Soap Tactics;Karolann.Pouros96@gmail.com;FTP;Computer salmon;next-generation Optimization XSS;../fake-data/blob/hipster.png;image/png;Plastic streamline Common;Ergonomic Concrete Shirt;2021-06-20T01:51:42;2021-06-20T04:09:57;Director;schemas quantifying synthesize
