id;name;description;total_instances;view_json_ref;view_json;view_json_content_type;source_json_ref;source_json;source_json_content_type;status;created_on;updated_on;updated_by;created_by
1;maroon Mississippi Developer;Data compressing Roads;10811;Naira Assistant;../fake-data/blob/hipster.png;image/png;Incredible;../fake-data/blob/hipster.png;image/png;Automotive;2021-05-13T08:29:53;2021-05-12T18:01:20;reciprocal;input
2;Strategist;Auto Loan Account pricing structure;41724;Self-enabling incentivize reciprocal;../fake-data/blob/hipster.png;image/png;mobile;../fake-data/blob/hipster.png;image/png;Berkshire overriding;2021-05-12T16:31:10;2021-05-12T23:26:45;cross-platform;feed
3;Dynamic salmon Crest;teal;49602;Strategist Dynamic Borders;../fake-data/blob/hipster.png;image/png;hacking Multi-lateral;../fake-data/blob/hipster.png;image/png;Nuevo Sol withdrawal;2021-05-12T13:21:41;2021-05-12T09:26:11;Toys Metal Pennsylvania;French Southern Territories Road Singapore
4;backing up Directives action-items;Buckinghamshire;78431;Practical Steel Bacon JBOD;../fake-data/blob/hipster.png;image/png;Handmade Wooden Car;../fake-data/blob/hipster.png;image/png;Steel Music;2021-05-12T14:42:38;2021-05-13T04:46:14;cross-platform Serbian Dinar withdrawal;program Functionality Legacy
5;functionalities Gorgeous;North Dakota payment;75382;scalable;../fake-data/blob/hipster.png;image/png;index Senior plug-and-play;../fake-data/blob/hipster.png;image/png;Functionality;2021-05-12T21:14:31;2021-05-13T01:05:44;Berkshire reboot synthesize;Customer
6;azure AGP payment;Steel Oregon viral;18794;Ergonomic Assurance teal;../fake-data/blob/hipster.png;image/png;Shoes transmitting;../fake-data/blob/hipster.png;image/png;Borders;2021-05-12T15:28:47;2021-05-12T21:05:48;initiatives;lime Grocery
7;virtual;Bedfordshire interfaces;84260;Buckinghamshire withdrawal monetize;../fake-data/blob/hipster.png;image/png;Future Identity;../fake-data/blob/hipster.png;image/png;navigate;2021-05-12T12:29:54;2021-05-13T07:14:45;one-to-one Estates copy;Shirt
8;Money Market Account Generic Refined Rubber Keyboard;Cambridgeshire matrix;68605;Idaho Practical;../fake-data/blob/hipster.png;image/png;robust Virginia Cotton;../fake-data/blob/hipster.png;image/png;Plain Advanced discrete;2021-05-12T15:47:06;2021-05-13T05:04:20;Puerto Rico dot-com hybrid;bandwidth-monitored Outdoors Poland
9;neural Ethiopian Birr;Salad holistic Concrete;16477;neural Antarctica (the territory South of 60 deg S);../fake-data/blob/hipster.png;image/png;purple;../fake-data/blob/hipster.png;image/png;port;2021-05-13T02:03:43;2021-05-13T01:57:47;Massachusetts;forecast XSS system
10;bifurcated;Assistant;57195;web services;../fake-data/blob/hipster.png;image/png;transmit Lead;../fake-data/blob/hipster.png;image/png;Pizza gold;2021-05-13T08:07:48;2021-05-12T21:10:49;system-worthy Intelligent Concrete Gloves;Designer purple Wyoming
