id;account_id;type;name;description;source_json_ref;source_json;source_json_content_type;status;created_on;updated_on;updated_by;created_by
1;Director microchip infrastructures;Accounts;Lari Dynamic CFP Franc;deposit lime;Dynamic XML;../fake-data/blob/hipster.png;image/png;Sri Lanka;2021-06-20T03:46:55;2021-06-20T12:57:14;Realigned;Texas Cheese
2;enhance open architecture;hack Tactics;Computer;parse Incredible input;bypass Producer Turks and Caicos Islands;../fake-data/blob/hipster.png;image/png;Berkshire New Taiwan Dollar;2021-06-20T12:30:27;2021-06-20T09:12:38;Georgia;bypass Arizona
3;Handmade Fresh Computer capacitor;Automotive Beauty mobile;red;indexing 24/7 Multi-layered;invoice;../fake-data/blob/hipster.png;image/png;Personal Loan Account;2021-06-20T05:22:35;2021-06-19T17:59:21;Iranian Rial;Soft
4;XSS redundant;Clothing;visionary;generating Mauritius Rupee;Buckinghamshire quantify;../fake-data/blob/hipster.png;image/png;copying;2021-06-20T07:42:32;2021-06-20T10:22:53;International;Engineer Plastic
5;Compatible;Grocery calculate;Avon generate;wireless Research Licensed Fresh Towels;Rubber Springs Licensed;../fake-data/blob/hipster.png;image/png;Toys Grocery;2021-06-19T21:20:46;2021-06-20T17:09:37;models engage Organized;Mayotte
6;Uzbekistan Rand Loti Computers;Metal transmit;violet Pants;wireless;matrix Engineer action-items;../fake-data/blob/hipster.png;image/png;B2B action-items;2021-06-20T11:20:36;2021-06-19T22:11:18;Rubber;bus Arizona
7;experiences;HTTP;indigo;Concrete;global solutions Jordan;../fake-data/blob/hipster.png;image/png;Accounts;2021-06-19T18:18:39;2021-06-20T09:21:12;architect Designer circuit;Profit-focused harness Practical
8;District driver Officer;compress;deposit;SMS;knowledge user Martinique Associate;../fake-data/blob/hipster.png;image/png;back up ability Home;2021-06-20T08:35:16;2021-06-20T17:48:14;parsing New Jersey Avon;e-services Assimilated Tuna
9;override Orchestrator bluetooth;compress;Washington;HDD complexity dynamic;Applications;../fake-data/blob/hipster.png;image/png;Chips compelling;2021-06-20T17:22:35;2021-06-19T20:00:02;silver Steel Hollow;IB Oval
10;monitor tan Trinidad and Tobago Dollar;Iowa;Investment Account invoice Credit Card Account;benchmark Wooden copying;USB Associate Idaho;../fake-data/blob/hipster.png;image/png;leverage reboot;2021-06-20T16:55:44;2021-06-20T01:57:36;Tasty envisioneer optimize;zero defect
