id;name;description;created_on;updated_on;status;is_monitored;json_data;json_data_content_type;created_by;updated_by
1;orchestrate target;revolutionize;2021-03-25T18:09:25;2021-03-25T16:06:00;array Assurance;blu;../fake-data/blob/hipster.png;image/png;paradigms;Checking Account
2;multi-byte;markets Checking Account;2021-03-25T14:04:56;2021-03-25T12:38:31;Borders innovate Savings Account;Fac;../fake-data/blob/hipster.png;image/png;Program Cheese utilisation;Incredible Steel Fish bluetooth
3;XSS;static Architect;2021-03-26T03:38:51;2021-03-25T21:44:42;Associate robust Pakistan Rupee;sol;../fake-data/blob/hipster.png;image/png;Tasty;engineer quantifying invoice
4;grey;Future optimize teal;2021-03-26T02:24:45;2021-03-25T10:34:00;system sexy Principal;TCP;../fake-data/blob/hipster.png;image/png;Small Soft Chicken Communications;Frozen redundant Grass-roots
5;Engineer Polarised;back up;2021-03-25T11:02:06;2021-03-25T10:37:16;Croatia JSON Manat;Kid;../fake-data/blob/hipster.png;image/png;payment input hacking;Tactics compressing communities
6;attitude neural-net Applications;Shoes;2021-03-25T21:53:57;2021-03-25T07:57:23;Jewelery haptic;dep;../fake-data/blob/hipster.png;image/png;Marketing white Rest;Plastic
7;composite redundant parse;intermediate bluetooth Handmade Rubber Cheese;2021-03-25T23:26:06;2021-03-25T13:24:49;back up;Con;../fake-data/blob/hipster.png;image/png;invoice;Berkshire brand networks
8;Planner;Bhutan Markets synthesizing;2021-03-25T08:24:07;2021-03-25T10:08:30;enhance Tasty bandwidth;Sle;../fake-data/blob/hipster.png;image/png;Oklahoma Supervisor;Mouse Garden
9;enable;Networked Product optimize;2021-03-26T00:59:59;2021-03-25T19:52:33;transmit Russian Federation Practical Wooden Mouse;cli;../fake-data/blob/hipster.png;image/png;parsing Practical Steel Towels integrated;solutions Fresh Unbranded Wooden Car
10;open architecture Integrated;Chief functionalities Enhanced;2021-03-25T22:45:31;2021-03-25T15:37:13;indexing transmitter;inv;../fake-data/blob/hipster.png;image/png;architect compress;Auto Loan Account Garden interface
