id;name;description;created_on;updated_on;status;client_id;client_secret;user_type;email;password
1;lime Vista;Money Market Account reboot Borders;2021-03-22T10:26:02;2021-03-21T20:09:35;monitor Ukraine HTTP;mindshare;Fields Home Loan Account e-business;Money Market Account Executive;Trevor.Schaden51@yahoo.com;Strategist
2;Cross-group;ROI;2021-03-22T04:24:27;2021-03-22T06:14:49;brand sticky Silver;sensor;Credit Card Account;Refined Concrete Mouse;Ericka.Carter@hotmail.com;turn-key Kids
3;Borders overriding Home;Clothing wireless withdrawal;2021-03-22T04:38:15;2021-03-22T00:03:22;workforce;Missouri;Human Toys;Tasty Plastic Towels;Heaven43@hotmail.com;PCI Handmade
4;Handmade;Chips Gorgeous cross-platform;2021-03-21T10:51:22;2021-03-22T05:04:28;Central grow;mindshare program;Tasty Granite Chips empower;Automotive;Lukas.Konopelski@hotmail.com;Belgium Pines
5;Fresh transmit;navigating Radial;2021-03-21T23:43:08;2021-03-22T09:30:07;pixel monitor;user-facing turquoise;Saudi Riyal Dynamic connecting;attitude-oriented exploit withdrawal;Janie_Schaden30@gmail.com;SDD
6;THX Berkshire withdrawal;Rustic;2021-03-22T04:13:02;2021-03-22T01:20:54;RAM;Slovakia (Slovak Republic) salmon;compress sky blue;user-centric infomediaries Representative;Dixie61@hotmail.com;Cambridgeshire Implementation
7;Checking Account Forest payment;online 24/7 orchid;2021-03-22T02:24:52;2021-03-21T15:06:39;Somalia;recontextualize Web;Nevada;Generic Soft Shirt Wooden;Treva_Koch40@gmail.com;Developer
8;Personal Loan Account niches Ball;bandwidth-monitored SCSI ROI;2021-03-22T02:41:28;2021-03-21T15:25:16;mobile;Garden;plum Wooden parsing;Orchestrator;George62@gmail.com;program
9;transmitting multi-byte;hacking program deposit;2021-03-21T21:21:31;2021-03-22T09:25:53;extend feed;Wooden hardware Tasty;microchip Checking Account;sensor Maine;Jerod.Morar@gmail.com;parsing Automotive
10;driver Branding Nauru;Georgia payment;2021-03-21T18:21:02;2021-03-21T22:31:03;access Concrete Customer;Soap;microchip Optimized regional;open-source Jewelery;Syble_Gutkowski6@yahoo.com;interface
