id;name;description;created_on;updated_on;status;source;type;url;user_id;password;database;input_data;input_data_content_type;access;basic_auth;basic_auth_user;basic_auth_password;with_credentials;secure_input_data
1;Creative Incredible;iterate;2021-03-23T16:56:05;2021-03-23T16:12:21;virtual Account Dinar;Account AGP;back-end;https://aurelie.net;incubate Afghani;Manors Cambridgeshire contextually-based;Gorgeous utilize;../fake-data/blob/hipster.png;image/png;user-facing Paradigm;Concrete redefine;California Toys magnetic;plum;Granite Utah Kuna;Frozen
2;Vermont Estate invoice;back Ridge Rustic;2021-03-23T15:54:30;2021-03-23T19:29:05;database ADP AGP;Refined Tugrik Assistant;Seychelles;http://anais.info;Industrial;Harbors Fresh;enhance;../fake-data/blob/hipster.png;image/png;Buckinghamshire deposit applications;Fully-configurable Lead;Borders;Implementation;AI;non-volatile copying
3;salmon;Books Account;2021-03-23T20:01:43;2021-03-24T01:38:12;Philippine Africa IB;Borders;Granite Global;https://norberto.com;Integration Avon;Implementation service-desk;International;../fake-data/blob/hipster.png;image/png;up withdrawal Cross-platform;e-commerce Slovakia;Toys Industrial Plastic;transparent Automotive;B2C Sausages;Berkshire Account
4;multi-byte;Chair Movies;2021-03-23T15:47:32;2021-03-24T04:41:04;Borders;Consultant;Frozen open;https://hortense.org;Tools;Ergonomic;National Metal;../fake-data/blob/hipster.png;image/png;SCSI;Card;Associate Plastic;functionalities Small;Ergonomic;set Table compressing
5;Open-source Adaptive Gloves;granular Marketing;2021-03-23T22:30:11;2021-03-23T19:11:22;clear-thinking;Customer Officer;markets;http://natalia.info;invoice invoice Identity;streamline Generic Nigeria;Steel Licensed;../fake-data/blob/hipster.png;image/png;Berkshire;mission-critical Licensed wireless;Iowa synthesizing;convergence;Uganda Gorgeous solutions;e-markets
6;Intranet Islands Guilder;Syrian bandwidth circuit;2021-03-23T22:03:15;2021-03-24T07:26:28;Assistant;quantify deliverables Unit;Buckinghamshire;http://gia.com;Cotton;Virginia cutting-edge logistical;Bedfordshire Shores Uzbekistan;../fake-data/blob/hipster.png;image/png;drive;strategize Handcrafted;invoice;leading deposit auxiliary;Dale;Incredible logistical haptic
7;Zimbabwe digital;open-source Computer partnerships;2021-03-24T03:01:23;2021-03-24T03:11:07;cross-platform;Bike approach;Islands payment;http://guiseppe.biz;Tools;Shoes Walks;success invoice;../fake-data/blob/hipster.png;image/png;Lari Frozen;Idaho contingency digital;input Avon;South Tunisia;index monitor;deposit
8;driver PNG Borders;firmware transmitting white;2021-03-23T16:32:50;2021-03-23T13:30:31;Polynesia pink invoice;RSS withdrawal;quantify SSL Handcrafted;https://marley.com;transmitting RAM Card;1080p;platforms;../fake-data/blob/hipster.png;image/png;enhance B2C Avon;Applications Borders;transmit Green;archive International monitor;interfaces Avon Table;Handcrafted mindshare to
9;Consultant;Principal Towels;2021-03-23T21:30:07;2021-03-23T23:51:12;Indiana;Personal 5th violet;Steel Mouse;https://arianna.com;holistic incubate;fuchsia Practical silver;responsive River;../fake-data/blob/hipster.png;image/png;withdrawal;convergence database;calculate;blue;neural;Franc Marketing value-added
10;Leone attitude-oriented;Gorgeous interface;2021-03-24T01:19:19;2021-03-23T11:07:27;Movies Function-based;recontextualize Central;THX;https://alisa.org;Florida;Account Cheese Wooden;synthesize;../fake-data/blob/hipster.png;image/png;Georgia Cotton;Loan Fantastic invoice;synthesizing;Rubber Ball;Shirt;fuchsia
