id;account_id;tenant_id;input_source;input_source_id;name;description;status;ref_url;created_on;updated_on;updated_by;created_by
1;Soft Guinea;RSS North Dakota firewall;Plastic;generating Automotive transmit;RSS generate Personal Loan Account;Salad Gorgeous;Re-engineered Industrial;card;2021-06-19T21:51:28;2021-06-19T21:48:30;payment Sri Lanka Rupee Fish;enhance Armenia
2;4th generation;Circle;virtual Fresh;Avon program maroon;Armenian Dram;Future;portals Cambridgeshire;Sausages Enhanced;2021-06-19T19:00:27;2021-06-20T17:24:14;Bedfordshire utilize transparent;Senior
3;yellow circuit Spring;Soap;XSS front-end eco-centric;Steel Cotton;web-readiness Checking Account;white synergies;Awesome Soft Mouse Gorgeous Plastic Sausages;lavender;2021-06-20T12:44:41;2021-06-19T19:21:55;Buckinghamshire Identity Arkansas;SQL
4;Vista Tala;Sleek;generating Pennsylvania;override Estonia Plains;Barbados payment solutions;compressing Handmade Soft Cheese transmitter;Sports;transmitter River;2021-06-19T20:41:38;2021-06-19T22:51:25;Arkansas Outdoors Plain;Personal Loan Account application
5;process improvement;port synthesize Division;Avon Turkmenistan;Assurance National;navigate compressing;Director SCSI Auto Loan Account;capacitor;cross-platform;2021-06-20T15:20:57;2021-06-20T01:01:39;Markets;Corporate neural Chair
6;Principal;Metal Czech Koruna Grass-roots;black empower alarm;Ergonomic Plastic Pizza Bike compress;Plastic Ford;strategize optical lime;Generic Rubber Chair CSS Tasty;target;2021-06-20T12:48:00;2021-06-19T21:25:04;Specialist online;Sports invoice
7;Fantastic Rubber Ball bandwidth;Fully-configurable;reboot Tunisian Dinar navigating;azure;e-services Rustic;parse parse;Global;real-time;2021-06-20T04:28:34;2021-06-20T05:48:55;pixel Rubber;visionary Togo bandwidth
8;mesh Chief;local area network;leverage reinvent;GB;leverage;Small Cotton Mouse Handmade auxiliary;Architect synthesize maximize;utilize Cliffs;2021-06-20T05:47:35;2021-06-19T19:11:22;Bike Gorgeous;online Executive
9;quantify Kroon;copying indexing;robust Cambridgeshire;Center Sleek Fresh Fish Rand Namibia Dollar;Interactions;Antarctica (the territory South of 60 deg S) Bedfordshire;compress Regional;scalable AI Borders;2021-06-20T17:34:28;2021-06-19T19:40:48;Orchestrator Armenia;Interactions payment
10;North Carolina application Somoni;synthesize success XML;Fresh interface reboot;Incredible Granite Keyboard Tennessee;Metal;SAS Configuration Home Loan Account;Analyst matrices backing up;index Granite;2021-06-19T19:13:57;2021-06-20T16:05:56;24/7 Steel Bacon;systems
