id;name;description;created_on;updated_on;status;created_by;updated_by
1;Intelligent Cotton Gloves frame deposit;infrastructure microchip;2021-03-25T14:56:00;2021-03-25T14:28:14;Ergonomic CSS;Credit Card Account;Small
2;wireless Belarussian Ruble;Global French Polynesia e-business;2021-03-25T16:38:47;2021-03-25T18:57:49;Quality-focused Rue SSL;Implementation Glens;granular global
3;invoice;ADP Sleek Wooden Car;2021-03-26T00:05:34;2021-03-25T10:20:32;Creative;overriding cross-platform;generate Money Market Account CFP Franc
4;Mountains virtual;Falls Self-enabling;2021-03-25T12:04:59;2021-03-26T02:19:43;Parkway;green Compatible;Global capacitor Jamaican Dollar
5;optimize;New York Garden;2021-03-25T13:36:36;2021-03-25T07:49:32;Chicken Executive;Street;Generic Forward eyeballs
6;robust;TCP;2021-03-25T19:48:21;2021-03-25T14:39:02;parse quantifying bypass;1080p;deposit plum
7;value-added paradigms;Soft Mexican Peso Mexican Unidad de Inversion (UDI);2021-03-25T14:34:43;2021-03-26T00:23:34;Multi-channelled payment synthesizing;website;recontextualize
8;Representative Roads Handcrafted Wooden Car;Factors Generic Wooden Mouse;2021-03-25T13:47:28;2021-03-25T12:51:56;Generic Frozen Pizza;Legacy;Wells
9;Shirt National;Brand Beauty time-frame;2021-03-25T06:09:23;2021-03-25T10:29:55;virtual parse;synthesize;olive toolset
10;Home Loan Account;Concrete;2021-03-25T11:49:11;2021-03-25T17:22:53;withdrawal Fords impactful;hierarchy deposit Auto Loan Account;frame Representative leading edge
